{
  "type": "panel",
  "name": "MQTT panel",
  "id": "geeksrus-mqtt-panel",
  "info": {
    "description": "A panel to enable grafana to fulfil simple control tasks via MQTT",
    "author": {
      "name": "geeks-r-us",
      "url": "https://github.com/geeks-r-us/mqtt-panel"
    },
    "keywords": [
      "MQTT"
    ],
    "logos": {
      "small": "img/logo.svg",
      "large": "img/logo.svg"
    },
    "links": [],
    "screenshots": [
      "img/controls.png",
      "img/server.png"
    ],
    "version": "1.0.4",
    "updated": "2020-08-11",
    "build": {
      "time": 1597179398326,
      "branch": "release-1.0.4",
      "hash": "0cb2b5594e93d2526431d1a9b26db260807e1b49"
    }
  },
  "dependencies": {
    "grafanaVersion": "7.0.x",
    "grafanaDependency": ">=7.0.0",
    "plugins": []
  }
}